Lat,Long,Pressure (hPa),Timestamp
39.21922501058322,-6.79576884498477,1011.7095944878298,15:55:27
39.2192276934742,-6.795756875163461,1013.9464608955285,15:55:28
39.21923037636519,-6.795744905342152,1011.6325600805,15:55:29
39.21923305925617,-6.795732935520843,1013.7652554642457,15:55:30
39.219235742147156,-6.795720965699535,1013.9909338824976,15:55:31
39.219238425038135,-6.7957089958782255,1013.4926910449406,15:55:32
39.21924110792912,-6.795697026056916,1012.4719147203573,15:55:33
39.2192437908201,-6.795685056235608,1012.5279296959372,15:55:34
39.21924647371109,-6.795673086414299,1011.4417137712255,15:55:35
39.21924915660207,-6.795661116592989,1011.5956384745685,15:55:36
39.219251839493054,-6.795649146771681,1011.00074054861,15:55:37
39.219254522384034,-6.795637176950372,1013.0113238699973,15:55:38
39.21925720527502,-6.7956252071290635,1013.2168176132278,15:55:39
39.219259888166,-6.795613237307754,1011.0507624389511,15:55:40
39.21926257105699,-6.795601267486445,1011.0072640742386,15:55:41
39.21926525394797,-6.795589297665137,1011.8173849287039,15:55:42
39.21926793683895,-6.795577327843827,1013.1021795471877,15:55:43
39.21927061972993,-6.795565358022518,1012.6927854927774,15:55:44
39.21927330262092,-6.79555338820121,1013.5055994761145,15:55:45
39.2192759855119,-6.7955414183799006,1013.6560599547303,15:55:46
39.219278668402886,-6.795529448558592,1012.1909646861748,15:55:47
39.219281351293866,-6.795517478737283,1011.8823489105088,15:55:48
39.21928403418485,-6.795505508915974,1013.0333872207223,15:55:49
39.21928671707583,-6.795493539094665,1011.5001138340884,15:55:50
39.21928939996682,-6.795481569273356,1012.662120843153,15:55:51
39.2192920828578,-6.795469599452047,1012.5546674282789,15:55:52
39.219294765748785,-6.7954576296307385,1012.2946759879551,15:55:53
39.219297448639765,-6.795445659809429,1013.3062900427029,15:55:54
39.21930013153075,-6.795433689988121,1011.5580291550413,15:55:55
39.21930281442173,-6.795421720166812,1012.4856147210293,15:55:56
39.21930281442173,-6.795421720166812,1013.9619076701097,15:55:57
39.2193026080455,-6.7954093375930436,1011.8030726185802,15:55:58
39.219302401669275,-6.795396955019276,1011.3596334606831,15:55:59
39.21930219529304,-6.795384572445508,1011.9212586049518,15:56:00
39.21930198891681,-6.79537218987174,1011.2019568803037,15:56:01
39.21930178254058,-6.795359807297972,1011.5573792238145,15:56:02
39.219301576164355,-6.795347424724205,1013.1254910874871,15:56:03
39.21930136978813,-6.795335042150437,1011.0583305954385,15:56:04
39.21930116341189,-6.7953226595766685,1013.1452746396101,15:56:05
39.219300957035664,-6.7953102770029,1013.9798712850344,15:56:06
39.219300750659436,-6.795297894429133,1011.330456640959,15:56:07
39.21930054428321,-6.795285511855365,1011.9099049592807,15:56:08
39.21930033790698,-6.795273129281597,1011.394267985652,15:56:09
39.219300131530744,-6.79526074670783,1013.3296579811099,15:56:10
39.219299925154516,-6.7952483641340615,1012.4012022446981,15:56:11
39.21929971877829,-6.795235981560293,1011.6339467119677,15:56:12
39.21929951240206,-6.795223598986525,1012.3560167919564,15:56:13
39.219299306025825,-6.795211216412758,1013.1903296233976,15:56:14
39.2192990996496,-6.79519883383899,1012.7305093624004,15:56:15
39.21929889327337,-6.795186451265222,1012.6614967733519,15:56:16
39.21929868689714,-6.795174068691455,1013.2058307750018,15:56:17
39.21929848052091,-6.7951616861176865,1013.7057271140721,15:56:18
39.21929827414468,-6.795149303543918,1012.1395500038708,15:56:19
39.21929806776845,-6.79513692097015,1012.3480384969845,15:56:20
39.21929786139222,-6.795124538396383,1013.9356376692272,15:56:21
39.21929765501599,-6.795112155822615,1011.0083719900489,15:56:22
39.219297448639765,-6.795099773248847,1012.0750071700593,15:56:23
39.21929724226353,-6.795087390675079,1012.4673160611122,15:56:24
39.2192970358873,-6.795075008101311,1012.1541216598631,15:56:25
39.21929682951107,-6.795062625527543,1013.0744433591977,15:56:26
39.21929682951107,-6.795062625527543,1013.9023985836835,15:56:27
39.219300957035664,-6.79504074964722,1011.3982633830323,15:56:28
39.219305084560254,-6.795018873766897,1011.842050366992,15:56:29
39.21930921208484,-6.794996997886574,1013.3036282682427,15:56:30
39.21931333960943,-6.79497512200625,1013.1733073886633,15:56:31
39.21931746713402,-6.794953246125927,1013.7903604943472,15:56:32
39.21932159465861,-6.794931370245604,1011.9325312353012,15:56:33
39.2193257221832,-6.794909494365281,1011.100793586939,15:56:34
39.21932984970779,-6.794887618484958,1013.1962588326033,15:56:35
39.219333977232374,-6.794865742604634,1011.740345867064,15:56:36
39.219338104756964,-6.794843866724311,1012.9634438308991,15:56:37
39.219342232281555,-6.794821990843988,1011.8976899301324,15:56:38
39.219346359806146,-6.794800114963665,1011.5228906317027,15:56:39
39.219350487330736,-6.7947782390833416,1011.1457941085592,15:56:40
39.21935461485533,-6.794756363203018,1011.0014392314445,15:56:41
39.21935874237991,-6.794734487322695,1013.8071159422195,15:56:42
39.2193628699045,-6.794712611442372,1012.591166570942,15:56:43
39.21936699742909,-6.794690735562049,1013.2580549454314,15:56:44
39.21937112495368,-6.7946688596817255,1011.047499699748,15:56:45
39.21937525247827,-6.794646983801402,1012.4271262386485,15:56:46
39.21937938000286,-6.794625107921079,1012.6001809235778,15:56:47
39.219383507527446,-6.794603232040756,1011.6110566997171,15:56:48
39.21938763505204,-6.794581356160433,1011.1687568338622,15:56:49
39.21939176257663,-6.7945594802801095,1011.6150967301902,15:56:50
39.21939589010122,-6.794537604399786,1012.9092780112888,15:56:51
39.21940001762581,-6.794515728519463,1012.1031746671199,15:56:52
39.2194041451504,-6.79449385263914,1012.7654443857924,15:56:53
39.21940827267498,-6.794471976758817,1012.4076247218874,15:56:54
39.21941240019957,-6.794450100878493,1011.0170460441464,15:56:55
39.219416527724164,-6.79442822499817,1011.0705645196596,15:56:56
39.219416527724164,-6.79442822499817,1013.9997402012334,15:56:57
39.21942354451597,-6.7944046981080115,1011.9270862615984,15:56:58
39.21943056130777,-6.794381171217853,1013.0012107383832,15:56:59
39.21943757809957,-6.794357644327693,1013.9640959684363,15:57:00
39.21944459489137,-6.7943341174375345,1012.0385480754229,15:57:01
39.219451611683176,-6.794310590547376,1012.0541508100806,15:57:02
39.219458628474975,-6.794287063657217,1013.6740293459076,15:57:03
39.21946564526678,-6.794263536767058,1013.6823959657364,15:57:04
39.21947266205858,-6.794240009876899,1011.1752350967685,15:57:05
39.219479678850384,-6.79421648298674,1013.9028349940104,15:57:06
39.21948669564218,-6.794192956096581,1011.3529228475646,15:57:07
39.21949371243399,-6.7941694292064225,1012.6546329474364,15:57:08
39.219500729225786,-6.794145902316264,1013.7844524577233,15:57:09
39.21950774601759,-6.794122375426104,1012.1346483523483,15:57:10
39.21951476280939,-6.7940988485359455,1013.2400498695756,15:57:11
39.219521779601195,-6.794075321645787,1013.9343875961491,15:57:12
39.21952879639299,-6.794051794755628,1011.3940512151506,15:57:13
39.2195358131848,-6.794028267865468,1012.8706032003417,15:57:14
39.2195428299766,-6.79400474097531,1013.8740490882633,15:57:15
39.2195498467684,-6.793981214085151,1013.3551444265288,15:57:16
39.2195568635602,-6.793957687194992,1013.7650891004147,15:57:17
39.219563880352005,-6.7939341603048335,1011.1501695395336,15:57:18
39.219570897143804,-6.793910633414674,1013.1943353804256,15:57:19
39.21957791393561,-6.793887106524515,1012.8473304089013,15:57:20
39.21958493072741,-6.7938635796343565,1013.1176559230377,15:57:21
39.21959194751921,-6.793840052744198,1012.9177791940705,15:57:22
39.21959896431101,-6.793816525854039,1012.866637800464,15:57:23
39.219605981102816,-6.7937929989638794,1013.6142052660429,15:57:24
39.219612997894615,-6.793769472073721,1013.9371899061533,15:57:25
39.21962001468642,-6.793745945183562,1013.682242165496,15:57:26
39.21962001468642,-6.793745945183562,1013.6729570264235,15:57:27
39.219632397260185,-6.793694144749966,1011.8597831785758,15:57:28
39.219644779833956,-6.793642344316371,1013.453308070027,15:57:29
39.21965716240772,-6.793590543882775,1013.4589177843064,15:57:30
39.21966954498149,-6.79353874344918,1011.5763566111276,15:57:31
39.21968192755526,-6.793486943015584,1013.9105967357551,15:57:32
39.21969431012903,-6.7934351425819886,1013.7646473923515,15:57:33
39.21970669270279,-6.793383342148394,1011.707194286351,15:57:34
39.219719075276565,-6.793331541714798,1012.7820692934089,15:57:35
39.21973145785033,-6.793279741281202,1013.8078761772721,15:57:36
39.219743840424094,-6.793227940847607,1012.9925924512485,15:57:37
39.219756222997866,-6.793176140414011,1011.7158855015296,15:57:38
39.21976860557163,-6.793124339980416,1013.8015419413571,15:57:39
39.2197809881454,-6.79307253954682,1011.6671599226479,15:57:40
39.21979337071917,-6.793020739113224,1013.0982144719023,15:57:41
39.21980575329294,-6.792968938679629,1012.2548475043574,15:57:42
39.2198181358667,-6.792917138246033,1013.0105716403737,15:57:43
39.219830518440475,-6.7928653378124375,1012.1965133068301,15:57:44
39.21984290101424,-6.7928135373788425,1011.4438051646373,15:57:45
39.21985528358801,-6.792761736945247,1012.2210233633197,15:57:46
39.219867666161775,-6.792709936511652,1012.1258691914,15:57:47
39.21988004873554,-6.792658136078056,1013.9417346010017,15:57:48
39.21989243130931,-6.79260633564446,1011.6479049539744,15:57:49
39.219904813883076,-6.792554535210865,1011.881118431237,15:57:50
39.21991719645685,-6.792502734777269,1013.3868002262145,15:57:51
39.21992957903061,-6.792450934343673,1012.8256994251625,15:57:52
39.219941961604384,-6.792399133910078,1011.9281687856562,15:57:53
39.21995434417815,-6.792347333476482,1013.4415412882665,15:57:54
39.21996672675192,-6.792295533042887,1012.0290594010919,15:57:55
39.219979109325685,-6.7922437326092915,1012.5813758328648,15:57:56
39.219979109325685,-6.7922437326092915,1011.9234853312569,15:57:57
39.219991280437824,-6.79219899861519,1012.8702654417821,15:57:58
39.220003451549964,-6.792154264621089,1011.8683425951222,15:57:59
39.2200156226621,-6.792109530626987,1012.7721279886732,15:58:00
39.22002779377424,-6.792064796632886,1012.5025543846457,15:58:01
39.22003996488638,-6.792020062638784,1011.702360326602,15:58:02
39.22005213599852,-6.791975328644682,1012.8032139507062,15:58:03
39.22006430711066,-6.791930594650581,1013.946179667297,15:58:04
39.22007647822279,-6.791885860656479,1011.8238643578151,15:58:05
39.22008864933493,-6.791841126662378,1012.8905040248891,15:58:06
39.22010082044707,-6.791796392668276,1013.7678469749511,15:58:07
39.22011299155921,-6.791751658674175,1011.7995158932828,15:58:08
39.22012516267135,-6.791706924680073,1011.814172308852,15:58:09
39.22013733378349,-6.7916621906859715,1013.4020298241448,15:58:10
39.22014950489563,-6.791617456691871,1013.7838116319913,15:58:11
39.22016167600777,-6.791572722697769,1013.6770943674876,15:58:12
39.22017384711991,-6.791527988703668,1013.7013389765079,15:58:13
39.22018601823205,-6.791483254709566,1012.0342745390665,15:58:14
39.22019818934419,-6.791438520715464,1012.334552836587,15:58:15
39.22021036045633,-6.791393786721363,1013.7748932348304,15:58:16
39.22022253156847,-6.791349052727261,1011.0572894299788,15:58:17
39.22023470268061,-6.79130431873316,1012.3771447991271,15:58:18
39.22024687379274,-6.791259584739058,1011.4885008010074,15:58:19
39.22025904490488,-6.791214850744957,1013.5182025844593,15:58:20
39.22027121601702,-6.791170116750855,1012.1690839549683,15:58:21
39.22028338712916,-6.7911253827567535,1013.9277660234881,15:58:22
39.2202955582413,-6.7910806487626525,1012.6323381607709,15:58:23
39.220307729353436,-6.791035914768551,1011.3486003241279,15:58:24
39.220319900465576,-6.79099118077445,1013.6825581974863,15:58:25
39.220332071577715,-6.790946446780348,1012.9440960966574,15:58:26
39.220332071577715,-6.790946446780348,1013.5293698374363,15:58:27
39.22034476944584,-6.790920055132883,1013.1994215287461,15:58:28
39.22035746731395,-6.790893663485419,1011.5549629637449,15:58:29
39.220370165182075,-6.790867271837954,1011.9676674320974,15:58:30
39.22038286305019,-6.7908408801904905,1011.9304131246337,15:58:31
39.22039556091831,-6.790814488543026,1013.3467977273003,15:58:32
39.220408258786435,-6.790788096895562,1013.706045533137,15:58:33
39.22042095665455,-6.790761705248097,1011.6588617909957,15:58:34
39.22043365452267,-6.790735313600633,1011.3524814356359,15:58:35
39.220446352390795,-6.790708921953168,1013.375958390329,15:58:36
39.22045905025891,-6.790682530305705,1011.8042364874958,15:58:37
39.22047174812703,-6.79065613865824,1012.1581512358129,15:58:38
39.22048444599515,-6.790629747010776,1012.6107249423171,15:58:39
39.22049714386327,-6.790603355363311,1013.3962667422759,15:58:40
39.22050984173139,-6.790576963715847,1013.1524545676258,15:58:41
39.22052253959951,-6.7905505720683825,1013.8894243767745,15:58:42
39.22053523746763,-6.790524180420919,1013.8396847601645,15:58:43
39.22054793533575,-6.790497788773454,1012.6340450840148,15:58:44
39.22056063320387,-6.79047139712599,1012.1836717919359,15:58:45
39.22057333107199,-6.790445005478525,1013.1837327499735,15:58:46
39.220586028940104,-6.790418613831061,1013.9634675690949,15:58:47
39.22059872680823,-6.790392222183597,1011.3693727308706,15:58:48
39.22061142467635,-6.790365830536133,1012.6706202301356,15:58:49
39.220624122544464,-6.790339438888668,1013.5887430924273,15:58:50
39.22063682041259,-6.790313047241204,1013.2373608050588,15:58:51
39.22064951828071,-6.790286655593739,1012.5419610137184,15:58:52
39.220662216148824,-6.7902602639462755,1012.917083415548,15:58:53
39.220674914016946,-6.790233872298811,1012.2865126963794,15:58:54
39.22068761188506,-6.790207480651347,1013.7697244552465,15:58:55
39.220700309753184,-6.790181089003882,1012.7402351198938,15:58:56
39.220700309753184,-6.790181089003882,1012.975175712057,15:58:57
39.2207209749111,-6.790154946334224,1012.3189241340397,15:58:58
39.22074164006902,-6.790128803664566,1012.4750320063519,15:58:59
39.22076230522694,-6.790102660994908,1012.2201042807759,15:59:00
39.22078297038487,-6.79007651832525,1013.3480585119544,15:59:01
39.22080363554279,-6.790050375655592,1012.7074814271418,15:59:02
39.220824300700706,-6.7900242329859335,1012.5168173081789,15:59:03
39.220844965858625,-6.789998090316276,1012.2460733964125,15:59:04
39.220865631016544,-6.789971947646618,1013.0511361241241,15:59:05
39.22088629617446,-6.78994580497696,1013.8912690056687,15:59:06
39.22090696133238,-6.789919662307302,1011.3395489513189,15:59:07
39.22092762649031,-6.789893519637644,1012.8894680970959,15:59:08
39.22094829164823,-6.789867376967986,1013.3052527130588,15:59:09
39.220968956806146,-6.789841234298327,1012.031108244609,15:59:10
39.220989621964065,-6.78981509162867,1013.2884363233593,15:59:11
39.221010287121985,-6.7897889489590115,1013.9446848562061,15:59:12
39.221030952279904,-6.789762806289354,1013.6050180917201,15:59:13
39.22105161743782,-6.789736663619696,1011.242609524763,15:59:14
39.22107228259574,-6.789710520950037,1012.3325171017738,15:59:15
39.22109294775367,-6.78968437828038,1011.6026762678351,15:59:16
39.22111361291159,-6.789658235610721,1011.4688519445095,15:59:17
39.221134278069506,-6.789632092941064,1013.4935445019519,15:59:18
39.221154943227425,-6.7896059502714055,1012.7650107893214,15:59:19
39.221175608385344,-6.789579807601748,1011.9244044696951,15:59:20
39.22119627354326,-6.78955366493209,1011.6283337711196,15:59:21
39.22121693870118,-6.789527522262431,1013.5250019007008,15:59:22
39.22123760385911,-6.789501379592774,1012.1548232872694,15:59:23
39.22125826901703,-6.789475236923115,1011.4914002377601,15:59:24
39.22127893417495,-6.789449094253458,1011.4473122190072,15:59:25
39.221299599332866,-6.789422951583799,1011.1163183747204,15:59:26
39.221299599332866,-6.789422951583799,1013.4698420049433,15:59:27
39.221326986891555,-6.789393323224854,1013.3241886252365,15:59:28
39.22135437445024,-6.789363694865908,1012.9336922631396,15:59:29
39.22138176200893,-6.789334066506962,1013.4258892297637,15:59:30
39.22140914956763,-6.789304438148016,1011.9072403994204,15:59:31
39.221436537126316,-6.78927480978907,1012.7876964241946,15:59:32
39.221463924685004,-6.7892451814301245,1011.4100018229782,15:59:33
39.22149131224369,-6.789215553071179,1013.6311959229504,15:59:34
39.22151869980238,-6.789185924712233,1011.3351890614464,15:59:35
39.22154608736107,-6.789156296353287,1012.4927285109404,15:59:36
39.22157347491976,-6.789126667994341,1013.8788555137648,15:59:37
39.221600862478454,-6.789097039635395,1012.6069424854966,15:59:38
39.22162825003714,-6.7890674112764495,1011.6805532744958,15:59:39
39.22165563759583,-6.789037782917504,1011.7738336774945,15:59:40
39.22168302515452,-6.789008154558558,1013.6732650171878,15:59:41
39.22171041271321,-6.788978526199613,1012.9690346138877,15:59:42
39.221737800271896,-6.788948897840667,1013.7538589500912,15:59:43
39.221765187830584,-6.788919269481721,1011.3023721880885,15:59:44
39.22179257538927,-6.7888896411227755,1012.5749416231727,15:59:45
39.22181996294797,-6.78886001276383,1011.0581884382544,15:59:46
39.22184735050666,-6.788830384404884,1011.4742134703487,15:59:47
39.221874738065345,-6.788800756045938,1012.5333009733562,15:59:48
39.221902125624034,-6.788771127686992,1011.6072809240911,15:59:49
39.22192951318272,-6.788741499328046,1013.5939069774042,15:59:50
39.22195690074141,-6.788711870969101,1011.5785203346453,15:59:51
39.2219842883001,-6.788682242610155,1013.3443528804327,15:59:52
39.222011675858795,-6.788652614251209,1011.8030262739841,15:59:53
39.22203906341748,-6.788622985892263,1011.6335623459313,15:59:54
39.22206645097617,-6.788593357533317,1012.3655705122085,15:59:55
39.22209383853486,-6.7885637291743715,1012.5933271754226,15:59:56
39.22209383853486,-6.7885637291743715,1012.2158240559164,15:59:57
39.22210745556573,-6.788546591526944,1013.1111573093461,15:59:58
39.222121072596586,-6.788529453879516,1011.0666707084824,15:59:59
39.22213468962745,-6.788512316232088,1013.7429773020316,16:00:00
39.22214830665831,-6.788495178584661,1012.1504130243421,16:00:01
39.22216192368918,-6.788478040937233,1013.4375979560351,16:00:02
39.222175540720045,-6.788460903289805,1013.8647497515191,16:00:03
39.222189157750904,-6.788443765642378,1013.061256654936,16:00:04
39.22220277478177,-6.788426627994951,1013.1315837173362,16:00:05
39.22221639181264,-6.788409490347522,1012.7797300969174,16:00:06
39.222230008843496,-6.788392352700095,1011.8830407056754,16:00:07
39.22224362587436,-6.7883752150526675,1013.1724994752623,16:00:08
39.22225724290522,-6.788358077405239,1013.5037852066105,16:00:09
39.22227085993609,-6.788340939757812,1013.991738007634,16:00:10
39.222284476966955,-6.788323802110384,1011.4407107569396,16:00:11
39.222298093997814,-6.788306664462956,1012.9041495261243,16:00:12
39.22231171102868,-6.788289526815529,1013.720768567723,16:00:13
39.22232532805955,-6.788272389168101,1012.3939120985684,16:00:14
39.22233894509041,-6.788255251520673,1012.8498614108508,16:00:15
39.22235256212127,-6.788238113873246,1011.6598174117092,16:00:16
39.22236617915213,-6.788220976225818,1013.3607905266825,16:00:17
39.222379796183,-6.78820383857839,1013.4463680103821,16:00:18
39.222393413213865,-6.788186700930963,1011.1755454403857,16:00:19
39.222407030244725,-6.788169563283535,1011.0383371716433,16:00:20
39.22242064727559,-6.788152425636108,1013.2749255467542,16:00:21
39.22243426430646,-6.78813528798868,1012.3305053311418,16:00:22
39.22244788133732,-6.788118150341252,1013.3055641490611,16:00:23
39.22246149836818,-6.788101012693825,1013.8286343624785,16:00:24
39.22247511539904,-6.7880838750463965,1012.388834226499,16:00:25
39.22248873242991,-6.788066737398969,1012.1161273890043,16:00:26
39.22248873242991,-6.788066737398969,1013.7916137044267,16:00:27
39.22250017248591,-6.788039448098722,1012.1512675036536,16:00:28
39.22251161254191,-6.788012158798474,1013.7044471951978,16:00:29
39.22252305259791,-6.787984869498227,1011.1080754093546,16:00:30
39.22253449265391,-6.787957580197979,1011.216060908491,16:00:31
39.222545932709906,-6.787930290897732,1012.5126055971158,16:00:32
39.222557372765905,-6.787903001597484,1013.5831053847857,16:00:33
39.222568812821905,-6.787875712297237,1013.1212413032218,16:00:34
39.2225802528779,-6.787848422996989,1013.3329620432178,16:00:35
39.2225916929339,-6.787821133696742,1012.5477823862634,16:00:36
39.222603132989896,-6.787793844396495,1013.32319905436,16:00:37
39.222614573045895,-6.787766555096247,1013.7494168196208,16:00:38
39.222626013101895,-6.787739265796,1013.2154903726348,16:00:39
39.222637453157894,-6.787711976495752,1012.0806060196007,16:00:40
39.22264889321389,-6.7876846871955046,1012.1430731014361,16:00:41
39.22266033326989,-6.787657397895257,1013.3829657777949,16:00:42
39.22267177332589,-6.7876301085950095,1013.6162111662908,16:00:43
39.22268321338189,-6.7876028192947615,1011.0537867674988,16:00:44
39.22269465343789,-6.787575529994514,1012.7836303661448,16:00:45
39.22270609349389,-6.787548240694266,1011.9092823074567,16:00:46
39.22271753354989,-6.787520951394019,1011.0014203731706,16:00:47
39.22272897360589,-6.787493662093772,1013.2600516016855,16:00:48
39.22274041366188,-6.787466372793524,1012.3302123498057,16:00:49
39.22275185371788,-6.787439083493277,1011.5128504957527,16:00:50
39.22276329377388,-6.787411794193029,1011.7429940789015,16:00:51
39.22277473382988,-6.787384504892782,1012.6910257129813,16:00:52
39.22278617388588,-6.787357215592534,1012.1192501084865,16:00:53
39.22279761394188,-6.787329926292287,1013.4763343917939,16:00:54
39.22280905399788,-6.787302636992039,1013.1938596399027,16:00:55
39.22282049405388,-6.787275347691792,1012.3229195177763,16:00:56
39.22282049405388,-6.787275347691792,1013.4167201446469,16:00:57
39.22282585658013,-6.787246151715545,1013.0340144788865,16:00:58
39.222831219106375,-6.787216955739297,1013.0113288880992,16:00:59
39.22283658163263,-6.78718775976305,1011.4823860680087,16:01:00
39.22284194415887,-6.787158563786803,1012.624479560275,16:01:01
39.222847306685125,-6.7871293678105555,1012.8280807848622,16:01:02
39.22285266921138,-6.787100171834308,1012.3131664062666,16:01:03
39.22285803173762,-6.787070975858061,1011.9334463050106,16:01:04
39.222863394263875,-6.787041779881813,1012.3698849513831,16:01:05
39.22286875679013,-6.7870125839055655,1011.9436788654832,16:01:06
39.22287411931637,-6.786983387929318,1012.335192517267,16:01:07
39.222879481842625,-6.786954191953071,1013.517693623954,16:01:08
39.22288484436887,-6.786924995976824,1013.6799422047332,16:01:09
39.22289020689512,-6.786895800000576,1011.1247677914719,16:01:10
39.222895569421375,-6.786866604024329,1011.6833378351172,16:01:11
39.22290093194762,-6.786837408048082,1012.1608553383852,16:01:12
39.22290629447387,-6.7868082120718345,1011.9334282784495,16:01:13
39.222911657000125,-6.786779016095587,1012.3145174274716,16:01:14
39.22291701952637,-6.78674982011934,1013.8844770176233,16:01:15
39.22292238205262,-6.786720624143093,1013.8599893114862,16:01:16
39.22292774457887,-6.786691428166845,1013.795756077488,16:01:17
39.22293310710512,-6.786662232190598,1013.5378199314671,16:01:18
39.22293846963137,-6.78663303621435,1012.5944232376198,16:01:19
39.22294383215762,-6.786603840238103,1013.6961942679102,16:01:20
39.22294919468387,-6.786574644261855,1012.6964355568543,16:01:21
39.22295455721012,-6.786545448285608,1011.0659179081031,16:01:22
39.22295991973637,-6.786516252309361,1011.1423052734541,16:01:23
39.22296528226262,-6.786487056333113,1011.1576730776296,16:01:24
39.222970644788866,-6.786457860356866,1013.2757852610482,16:01:25
39.22297600731512,-6.786428664380619,1013.324397648925,16:01:26
39.22297600731512,-6.786428664380619,1012.0808090778353,16:01:27
39.2229651369013,-6.786286732406695,1011.8465824033893,16:01:28
39.222954266487484,-6.786144800432771,1011.8409436651231,16:01:29
39.22294339607367,-6.786002868458847,1013.3762675395418,16:01:30
39.22293252565986,-6.785860936484924,1011.0954197209248,16:01:31
39.22292165524604,-6.785719004511,1012.9673311955058,16:01:32
39.22291078483222,-6.785577072537076,1013.558370337059,16:01:33
39.222899914418406,-6.785435140563152,1013.0862300385007,16:01:34
39.22288904400459,-6.785293208589228,1011.1127423807609,16:01:35
39.22287817359077,-6.785151276615304,1011.0884465646766,16:01:36
39.222867303176955,-6.78500934464138,1012.0220710470965,16:01:37
39.222856432763145,-6.784867412667457,1011.9993601175022,16:01:38
39.22284556234933,-6.784725480693533,1013.0656690029725,16:01:39
39.22283469193551,-6.784583548719609,1013.4058849882834,16:01:40
39.22282382152169,-6.784441616745685,1012.0267827214025,16:01:41
39.222812951107876,-6.784299684771761,1013.7179462372357,16:01:42
39.22280208069406,-6.784157752797837,1011.6392721891779,16:01:43
39.22279121028024,-6.784015820823913,1011.8988563665971,16:01:44
39.222780339866425,-6.783873888849989,1011.5326404764807,16:01:45
39.222769469452615,-6.783731956876066,1013.9017210302,16:01:46
39.2227585990388,-6.783590024902142,1013.9360254350592,16:01:47
39.22274772862498,-6.783448092928218,1011.5245882196849,16:01:48
39.222736858211164,-6.783306160954294,1013.6505957710301,16:01:49
39.22272598779735,-6.78316422898037,1012.0575830214592,16:01:50
39.22271511738353,-6.783022297006446,1012.9917593832075,16:01:51
39.22270424696971,-6.782880365032522,1012.9930224827359,16:01:52
39.2226933765559,-6.782738433058599,1012.4867005136686,16:01:53
39.222682506142085,-6.782596501084675,1011.0680008332785,16:01:54
39.22267163572827,-6.782454569110751,1011.7919248925947,16:01:55
39.22266076531445,-6.782312637136827,1013.3069540297541,16:01:56
39.22266076531445,-6.782312637136827,1011.8309168427137,16:01:57
39.22266559471409,-6.782292836598317,1012.444857463349,16:01:58
39.22267042411372,-6.782273036059806,1011.0821023907314,16:01:59
39.22267525351336,-6.782253235521296,1011.2392001600863,16:02:00
39.222680082913,-6.782233434982785,1011.2433466081009,16:02:01
39.22268491231264,-6.7822136344442745,1011.4591262049961,16:02:02
39.22268974171227,-6.782193833905764,1011.8090544378736,16:02:03
39.22269457111191,-6.782174033367253,1013.4777563242816,16:02:04
39.222699400511544,-6.782154232828743,1013.3786027494688,16:02:05
39.22270422991118,-6.782134432290233,1012.8989184620357,16:02:06
39.222709059310816,-6.782114631751722,1011.3552675568477,16:02:07
39.22271388871046,-6.782094831213212,1011.7249769447823,16:02:08
39.222718718110094,-6.782075030674701,1012.2687391814848,16:02:09
39.22272354750973,-6.782055230136191,1013.7221909139444,16:02:10
39.222728376909366,-6.782035429597681,1013.4643254003264,16:02:11
39.222733206309,-6.7820156290591695,1011.7838110273872,16:02:12
39.22273803570864,-6.781995828520659,1011.5097380083641,16:02:13
39.22274286510827,-6.781976027982149,1012.4028701956834,16:02:14
39.22274769450791,-6.781956227443638,1013.8166674790201,16:02:15
39.22275252390755,-6.781936426905128,1013.3835480601273,16:02:16
39.22275735330719,-6.781916626366617,1012.4054998619666,16:02:17
39.22276218270682,-6.781896825828107,1011.2449741185281,16:02:18
39.22276701210646,-6.781877025289597,1013.5482855033707,16:02:19
39.222771841506095,-6.781857224751086,1013.6171978739882,16:02:20
39.22277667090573,-6.781837424212576,1011.885276697108,16:02:21
39.222781500305366,-6.7818176236740655,1011.2468028224844,16:02:22
39.22278632970501,-6.7817978231355545,1011.7538044264701,16:02:23
39.222791159104645,-6.781778022597044,1012.874598959063,16:02:24
39.22279598850428,-6.781758222058533,1012.5217643483023,16:02:25
39.22280081790392,-6.781738421520023,1011.8683147262556,16:02:26
39.22280081790392,-6.781738421520023,1013.3498620748887,16:02:27
39.22281240846304,-6.7817181380415485,1011.707549007942,16:02:28
39.222823999022175,-6.781697854563075,1012.1004140378564,16:02:29
39.2228355895813,-6.7816775710846,1011.2633681269098,16:02:30
39.22284718014043,-6.7816572876061265,1012.3434733181477,16:02:31
39.22285877069956,-6.781637004127652,1011.0561282888573,16:02:32
39.222870361258686,-6.781616720649178,1013.7272654052451,16:02:33
39.22288195181781,-6.781596437170704,1013.6112230118649,16:02:34
39.22289354237694,-6.78157615369223,1013.9185543557821,16:02:35
39.22290513293607,-6.781555870213755,1013.2133086024982,16:02:36
39.222916723495196,-6.781535586735282,1013.3653322603076,16:02:37
39.22292831405432,-6.781515303256807,1011.6504846399642,16:02:38
39.222939904613455,-6.781495019778333,1012.8601397881916,16:02:39
39.22295149517258,-6.781474736299859,1011.3736908822101,16:02:40
39.222963085731706,-6.781454452821385,1012.6762600081953,16:02:41
39.22297467629084,-6.78143416934291,1011.1596077662349,16:02:42
39.222986266849965,-6.781413885864437,1011.899027265498,16:02:43
39.22299785740909,-6.781393602385962,1011.9791804246445,16:02:44
39.223009447968224,-6.781373318907488,1012.885567763608,16:02:45
39.22302103852735,-6.781353035429014,1011.1110603955394,16:02:46
39.223032629086475,-6.78133275195054,1011.804191055379,16:02:47
39.22304421964561,-6.781312468472065,1011.8991586818031,16:02:48
39.223055810204734,-6.781292184993592,1011.6303659043333,16:02:49
39.22306740076386,-6.781271901515117,1013.5298538888162,16:02:50
39.223078991322986,-6.781251618036643,1011.4523414720667,16:02:51
39.22309058188212,-6.781231334558169,1011.3070403972446,16:02:52
39.223102172441244,-6.781211051079695,1013.1548259151765,16:02:53
39.22311376300037,-6.78119076760122,1013.2952445241212,16:02:54
39.2231253535595,-6.781170484122747,1012.1253946205762,16:02:55
39.22313694411863,-6.781150200644272,1011.9631682246919,16:02:56
39.22313694411863,-6.781150200644272,1012.9350953787334,16:02:57
39.22315577877721,-6.781131365985689,1011.6770503346963,16:02:58
39.223174613435795,-6.781112531327106,1011.8112346471354,16:02:59
39.22319344809438,-6.781093696668523,1013.6126114204916,16:03:00
39.22321228275296,-6.781074862009939,1012.0973231272907,16:03:01
39.223231117411544,-6.781056027351356,1012.2562454659598,16:03:02
39.22324995207013,-6.781037192692773,1012.5686314114618,16:03:03
39.22326878672871,-6.78101835803419,1013.8761207870087,16:03:04
39.22328762138729,-6.780999523375607,1011.0571778975427,16:03:05
39.223306456045876,-6.780980688717024,1012.156093098031,16:03:06
39.22332529070446,-6.780961854058441,1011.9569537039852,16:03:07
39.22334412536304,-6.780943019399857,1011.8815268393735,16:03:08
39.223362960021625,-6.7809241847412745,1011.7378630774402,16:03:09
39.22338179468021,-6.7809053500826915,1013.107449058156,16:03:10
39.22340062933879,-6.7808865154241085,1011.4024123399962,16:03:11
39.22341946399738,-6.7808676807655255,1011.6627610966295,16:03:12
39.223438298655964,-6.7808488461069425,1013.5244336107878,16:03:13
39.22345713331455,-6.7808300114483595,1013.2716615300951,16:03:14
39.22347596797313,-6.7808111767897765,1011.1916703813879,16:03:15
39.22349480263171,-6.780792342131193,1011.2291803636492,16:03:16
39.223513637290296,-6.78077350747261,1011.9823205696947,16:03:17
39.22353247194888,-6.780754672814027,1011.2326182961567,16:03:18
39.22355130660746,-6.780735838155444,1012.8265107978124,16:03:19
39.223570141266045,-6.780717003496861,1012.856676615265,16:03:20
39.22358897592463,-6.780698168838278,1011.563472589492,16:03:21
39.22360781058321,-6.780679334179695,1011.5879477008924,16:03:22
39.223626645241794,-6.780660499521111,1011.6046267332996,16:03:23
39.22364547990038,-6.780641664862528,1012.045171195224,16:03:24
39.22366431455896,-6.780622830203945,1013.3366251608239,16:03:25
39.22368314921754,-6.780603995545362,1013.7658399537395,16:03:26
39.22368314921754,-6.780603995545362,1011.7328667624205,16:03:27
39.223847831745154,-6.780504509912846,1013.8758675134274,16:03:28
39.224012514272765,-6.78040502428033,1012.6645252564639,16:03:29
39.224177196800376,-6.780305538647814,1011.8925493313559,16:03:30
39.22434187932799,-6.780206053015298,1012.5516826080739,16:03:31
39.2245065618556,-6.780106567382782,1013.6575171441373,16:03:32
39.22467124438321,-6.780007081750266,1012.2588182387753,16:03:33
39.22483592691082,-6.7799075961177495,1012.0870833734954,16:03:34
39.22500060943843,-6.7798081104852335,1013.0239151522798,16:03:35
39.22516529196604,-6.779708624852717,1013.2519615055033,16:03:36
39.225329974493654,-6.779609139220201,1012.6724886295673,16:03:37
39.225494657021265,-6.779509653587685,1012.7080967463289,16:03:38
39.225659339548876,-6.779410167955169,1011.5106242879887,16:03:39
39.22582402207649,-6.779310682322653,1011.4309125224481,16:03:40
39.2259887046041,-6.779211196690137,1011.6046549712294,16:03:41
39.22615338713172,-6.77911171105762,1012.1774774125174,16:03:42
39.22631806965933,-6.779012225425104,1012.7119327534648,16:03:43
39.22648275218694,-6.778912739792588,1012.6598210444529,16:03:44
39.22664743471455,-6.778813254160072,1013.9719793208792,16:03:45
39.22681211724216,-6.778713768527556,1012.1114035057528,16:03:46
39.22697679976977,-6.77861428289504,1013.6098521027465,16:03:47
39.227141482297384,-6.778514797262524,1012.7221040309659,16:03:48
39.227306164824995,-6.778415311630008,1011.1904734162458,16:03:49
39.227470847352606,-6.778315825997492,1011.4749262806035,16:03:50
39.22763552988022,-6.778216340364976,1012.0970539532458,16:03:51
39.22780021240783,-6.77811685473246,1011.9611641498856,16:03:52
39.22796489493544,-6.778017369099944,1012.133328828919,16:03:53
39.22812957746305,-6.777917883467428,1013.3072424373088,16:03:54
39.22829425999066,-6.777818397834912,1012.1031726296958,16:03:55
39.22845894251827,-6.7777189122023955,1011.8103530081188,16:03:56
39.22845894251827,-6.7777189122023955,1012.5737663358275,16:03:57
39.22850142015269,-6.777689533400492,1012.7754768730202,16:03:58
39.22854389778711,-6.777660154598588,1012.1655688898512,16:03:59
39.22858637542153,-6.777630775796685,1012.5618689309606,16:04:00
39.228628853055945,-6.777601396994782,1011.229306851309,16:04:01
39.22867133069036,-6.7775720181928785,1013.736881759844,16:04:02
39.228713808324784,-6.777542639390974,1011.3643673583847,16:04:03
39.2287562859592,-6.777513260589071,1011.9401632557665,16:04:04
39.228798763593616,-6.777483881787168,1013.4821973047489,16:04:05
39.22884124122803,-6.777454502985265,1012.5998761632745,16:04:06
39.228883718862456,-6.7774251241833605,1013.8598038369366,16:04:07
39.22892619649687,-6.777395745381457,1011.1011177406048,16:04:08
39.22896867413129,-6.777366366579554,1012.8374702561164,16:04:09
39.22901115176571,-6.77733698777765,1011.0276621709377,16:04:10
39.22905362940013,-6.777307608975747,1011.7791478091583,16:04:11
39.22909610703454,-6.7772782301738435,1012.7819380316824,16:04:12
39.22913858466896,-6.77724885137194,1012.768000505906,16:04:13
39.22918106230338,-6.777219472570036,1011.1413767929528,16:04:14
39.2292235399378,-6.777190093768133,1012.1216493947661,16:04:15
39.229266017572215,-6.77716071496623,1012.3465348881674,16:04:16
39.22930849520664,-6.7771313361643255,1013.2865891437408,16:04:17
39.229350972841054,-6.777101957362422,1011.7931199482879,16:04:18
39.22939345047547,-6.777072578560519,1012.8165473725727,16:04:19
39.229435928109886,-6.777043199758616,1011.3338687092936,16:04:20
39.22947840574431,-6.777013820956712,1013.5830963623312,16:04:21
39.229520883378726,-6.776984442154808,1013.7747204292564,16:04:22
39.22956336101314,-6.776955063352905,1012.2176455551061,16:04:23
39.22960583864756,-6.776925684551002,1011.5675285820347,16:04:24
39.22964831628198,-6.776896305749098,1013.0054460370484,16:04:25
39.2296907939164,-6.776866926947195,1011.5813895802304,16:04:26
39.2296907939164,-6.776866926947195,1013.5861841726249,16:04:27
39.22974589338174,-6.776797074073102,1013.4403523693335,16:04:28
39.229800992847075,-6.776727221199009,1011.398888922195,16:04:29
39.22985609231242,-6.7766573683249165,1013.8378594045463,16:04:30
39.22991119177776,-6.7765875154508235,1013.2552601558557,16:04:31
39.2299662912431,-6.7765176625767305,1012.7404813171038,16:04:32
39.23002139070844,-6.7764478097026375,1012.2817486656207,16:04:33
39.23007649017378,-6.7763779568285445,1011.5700216860746,16:04:34
39.23013158963912,-6.776308103954452,1013.9358609226731,16:04:35
39.230186689104464,-6.776238251080359,1011.3929773210732,16:04:36
39.2302417885698,-6.776168398206266,1012.5435516902417,16:04:37
39.23029688803514,-6.776098545332173,1011.981870409886,16:04:38
39.230351987500484,-6.77602869245808,1013.1486281527216,16:04:39
39.23040708696582,-6.775958839583988,1012.4856291522412,16:04:40
39.23046218643116,-6.775888986709895,1013.2779177399188,16:04:41
39.230517285896504,-6.775819133835802,1012.2177932828274,16:04:42
39.230572385361846,-6.775749280961709,1012.2398642567579,16:04:43
39.23062748482718,-6.775679428087617,1011.812358577714,16:04:44
39.23068258429252,-6.775609575213524,1013.9915068068011,16:04:45
39.230737683757866,-6.775539722339431,1013.3646834099587,16:04:46
39.2307927832232,-6.775469869465338,1013.6892188458663,16:04:47
39.23084788268854,-6.775400016591245,1013.8152897406093,16:04:48
39.230902982153886,-6.775330163717153,1012.6379832602377,16:04:49
39.23095808161923,-6.77526031084306,1011.8873950605982,16:04:50
39.23101318108456,-6.775190457968967,1012.5683920391423,16:04:51
39.231068280549906,-6.775120605094874,1011.8430106319511,16:04:52
39.23112338001525,-6.775050752220781,1012.8809534474813,16:04:53
39.23117847948059,-6.774980899346689,1012.0521957800618,16:04:54
39.231233578945925,-6.774911046472596,1012.0188073020228,16:04:55
39.23128867841127,-6.774841193598503,1012.1195466911814,16:04:56
39.23128867841127,-6.774841193598503,1013.8115215384493,16:04:57
39.231307783544196,-6.774824823420963,1011.1304888332074,16:04:58
39.231326888677124,-6.774808453243423,1012.668724243645,16:04:59
39.23134599381005,-6.774792083065884,1011.8173187737747,16:05:00
39.23136509894298,-6.774775712888345,1013.034666926204,16:05:01
39.2313842040759,-6.774759342710805,1013.4984353318923,16:05:02
39.23140330920883,-6.774742972533265,1013.4713627685346,16:05:03
39.23142241434176,-6.7747266023557255,1012.6207713231208,16:05:04
39.231441519474686,-6.774710232178186,1011.4157312129805,16:05:05
39.231460624607614,-6.774693862000646,1013.4141263898177,16:05:06
39.23147972974054,-6.774677491823106,1012.3700783742751,16:05:07
39.23149883487347,-6.774661121645567,1012.0771982540632,16:05:08
39.2315179400064,-6.774644751468028,1011.0291282241147,16:05:09
39.231537045139326,-6.774628381290488,1013.7855849057565,16:05:10
39.231556150272255,-6.774612011112948,1013.5229548390782,16:05:11
39.231575255405176,-6.7745956409354084,1012.4020630759684,16:05:12
39.231594360538104,-6.774579270757869,1012.1765740277228,16:05:13
39.23161346567103,-6.774562900580329,1012.7176411376354,16:05:14
39.23163257080396,-6.774546530402789,1012.7144549037948,16:05:15
39.23165167593689,-6.77453016022525,1012.2047688641014,16:05:16
39.231670781069816,-6.774513790047711,1012.3960799435404,16:05:17
39.231689886202744,-6.774497419870171,1013.602433859126,16:05:18
39.23170899133567,-6.774481049692631,1012.9855054457178,16:05:19
39.2317280964686,-6.774464679515091,1013.1493520789038,16:05:20
39.23174720160153,-6.774448309337552,1011.2827498488613,16:05:21
39.23176630673445,-6.774431939160012,1011.6189427312746,16:05:22
39.23178541186738,-6.774415568982473,1012.4175785496556,16:05:23
39.231804517000306,-6.774399198804933,1012.1840240397885,16:05:24
39.231823622133234,-6.7743828286273935,1012.8926011482611,16:05:25
39.23184272726616,-6.774366458449854,1012.4363420515982,16:05:26
39.23184272726616,-6.774366458449854,1011.2153176142901,16:05:27
39.23186467688613,-6.774360732462035,1013.6966770564076,16:05:28
39.23188662650611,-6.774355006474215,1012.3206395774632,16:05:29
39.23190857612608,-6.774349280486396,1011.5863633155083,16:05:30
39.23193052574606,-6.774343554498577,1011.1750094754457,16:05:31
39.23195247536603,-6.774337828510758,1012.4218705613903,16:05:32
39.23197442498601,-6.774332102522938,1011.0750563970728,16:05:33
39.23199637460598,-6.774326376535119,1011.0186294943113,16:05:34
39.232018324225955,-6.7743206505473,1012.1158956646709,16:05:35
39.232040273845925,-6.774314924559481,1011.2638088599632,16:05:36
39.2320622234659,-6.774309198571661,1012.8371447170153,16:05:37
39.23208417308587,-6.774303472583842,1012.1217508520027,16:05:38
39.23210612270585,-6.774297746596023,1011.7024812754604,16:05:39
39.23212807232582,-6.774292020608203,1011.2882087093536,16:05:40
39.2321500219458,-6.774286294620384,1012.2654127070306,16:05:41
39.23217197156577,-6.774280568632565,1012.8617946302949,16:05:42
39.23219392118575,-6.774274842644746,1012.0977277672852,16:05:43
39.23221587080572,-6.774269116656926,1013.5358568799421,16:05:44
39.232237820425695,-6.774263390669107,1011.5546822881059,16:05:45
39.232259770045665,-6.774257664681288,1011.5772371674102,16:05:46
39.23228171966564,-6.774251938693468,1011.5717083184932,16:05:47
39.23230366928561,-6.774246212705649,1011.1503865501935,16:05:48
39.23232561890559,-6.77424048671783,1013.6923427112021,16:05:49
39.23234756852556,-6.774234760730011,1012.6158704970322,16:05:50
39.23236951814554,-6.774229034742191,1013.8341501586607,16:05:51
39.23239146776551,-6.774223308754372,1012.7763791188936,16:05:52
39.23241341738549,-6.774217582766553,1013.4579160639918,16:05:53
39.23243536700546,-6.774211856778734,1011.3507296280019,16:05:54
39.232457316625435,-6.7742061307909145,1012.6037227767948,16:05:55
39.232479266245406,-6.7742004048030955,1012.778695028258,16:05:56
39.232479266245406,-6.7742004048030955,1013.7780261040464,16:05:57
39.232495967043214,-6.774200881968747,1012.0798290856692,16:05:58
39.23251266784102,-6.774201359134398,1012.7398927318781,16:05:59
39.23252936863882,-6.77420183630005,1012.948270064625,16:06:00
39.23254606943663,-6.774202313465702,1011.7365259887259,16:06:01
39.23256277023444,-6.774202790631353,1012.1545775840576,16:06:02
39.232579471032246,-6.774203267797005,1011.4244384106138,16:06:03
39.232596171830046,-6.774203744962657,1013.8506822680082,16:06:04
39.232612872627854,-6.774204222128309,1011.9395842419672,16:06:05
39.23262957342566,-6.77420469929396,1012.517511866909,16:06:06
39.23264627422347,-6.774205176459612,1013.2261394736519,16:06:07
39.23266297502127,-6.7742056536252635,1013.5620552024915,16:06:08
39.23267967581908,-6.7742061307909145,1011.462161703859,16:06:09
39.232696376616886,-6.774206607956566,1013.4610601713339,16:06:10
39.232713077414694,-6.774207085122218,1011.7437317066393,16:06:11
39.232729778212494,-6.774207562287869,1013.8996077793126,16:06:12
39.2327464790103,-6.774208039453521,1011.8485602956288,16:06:13
39.23276317980811,-6.774208516619173,1013.941483710084,16:06:14
39.23277988060592,-6.774208993784824,1012.5247997451678,16:06:15
39.23279658140372,-6.774209470950476,1011.4817091303219,16:06:16
39.232813282201526,-6.774209948116128,1011.5200987497868,16:06:17
39.232829982999334,-6.774210425281779,1011.4494609498828,16:06:18
39.23284668379714,-6.774210902447431,1012.385458120537,16:06:19
39.23286338459494,-6.7742113796130825,1013.2342485226765,16:06:20
39.23288008539275,-6.774211856778734,1011.1082690826864,16:06:21
39.23289678619056,-6.774212333944385,1011.1246115541533,16:06:22
39.232913486988366,-6.774212811110037,1013.5938332124805,16:06:23
39.23293018778617,-6.774213288275689,1011.9700900253812,16:06:24
39.232946888583974,-6.77421376544134,1012.1277179297434,16:06:25
39.23296358938178,-6.774214242606992,1013.1557517051491,16:06:26
39.23296358938178,-6.774214242606992,1013.50330921257,16:06:27
39.23300414846217,-6.774218537097856,1013.4136151275216,16:06:28
39.233044707542554,-6.7742228315887205,1013.1595720655206,16:06:29
39.23308526662294,-6.774227126079586,1012.4275078275163,16:06:30
39.233125825703326,-6.77423142057045,1011.5580373838111,16:06:31
39.233166384783715,-6.774235715061314,1013.4753201815662,16:06:32
39.2332069438641,-6.774240009552178,1012.1444955405788,16:06:33
39.23324750294449,-6.774244304043043,1011.943848616795,16:06:34
39.23328806202487,-6.774248598533908,1011.7212896627212,16:06:35
39.23332862110526,-6.774252893024772,1011.3693083122263,16:06:36
39.23336918018565,-6.774257187515636,1013.162662284051,16:06:37
39.23340973926603,-6.774261482006501,1013.5262604086059,16:06:38
39.23345029834642,-6.774265776497365,1012.7023389588442,16:06:39
39.2334908574268,-6.77427007098823,1011.5361382026655,16:06:40
39.23353141650719,-6.774274365479094,1013.7000285464891,16:06:41
39.23357197558757,-6.7742786599699585,1012.385533861667,16:06:42
39.23361253466796,-6.774282954460823,1012.436845853823,16:06:43
39.233653093748345,-6.774287248951688,1012.2524451216574,16:06:44
39.233693652828734,-6.774291543442552,1012.9510871252869,16:06:45
39.233734211909116,-6.774295837933416,1013.6932821780678,16:06:46
39.233774770989505,-6.774300132424281,1012.0232380786539,16:06:47
39.233815330069895,-6.774304426915145,1013.7173540015732,16:06:48
39.23385588915028,-6.77430872140601,1012.6100814400634,16:06:49
39.23389644823067,-6.774313015896874,1011.5790610857244,16:06:50
39.23393700731105,-6.7743173103877385,1013.1715208822627,16:06:51
39.23397756639144,-6.774321604878603,1012.7525730589654,16:06:52
39.23401812547182,-6.774325899369467,1011.1880533880902,16:06:53
39.23405868455221,-6.774330193860332,1011.7834636172689,16:06:54
39.23409924363259,-6.7743344883511964,1011.7121970435933,16:06:55
39.23413980271298,-6.774338782842061,1012.0034671292423,16:06:56
39.23413980271298,-6.774338782842061,1013.929929804231,16:06:57
39.234155468838715,-6.774336961958154,1011.5630728118699,16:06:58
39.234171134964456,-6.774335141074247,1011.8902698695396,16:06:59
39.23418680109019,-6.7743333201903395,1011.9229428896351,16:07:00
39.23420246721593,-6.774331499306433,1013.0378373713617,16:07:01
39.23421813334166,-6.774329678422526,1013.3606116578617,16:07:02
39.2342337994674,-6.774327857538619,1012.5445563900633,16:07:03
39.23424946559314,-6.7743260366547124,1013.7053203621571,16:07:04
39.23426513171887,-6.774324215770806,1012.4851395625368,16:07:05
39.23428079784461,-6.774322394886898,1011.5534248257104,16:07:06
39.234296463970345,-6.774320574002991,1013.5858977396659,16:07:07
39.234312130096086,-6.7743187531190845,1011.8634927490092,16:07:08
39.23432779622182,-6.774316932235178,1011.9856318632322,16:07:09
39.23434346234755,-6.774315111351271,1011.4447102331981,16:07:10
39.234359128473294,-6.774313290467364,1013.2106468126186,16:07:11
39.23437479459903,-6.7743114695834565,1012.7333168668937,16:07:12
39.23439046072477,-6.77430964869955,1013.4905230467714,16:07:13
39.2344061268505,-6.774307827815643,1013.2592001530882,16:07:14
39.234421792976235,-6.774306006931736,1012.1491534922932,16:07:15
39.234437459101976,-6.7743041860478295,1011.3777396995139,16:07:16
39.23445312522771,-6.774302365163923,1013.8757572871672,16:07:17
39.23446879135345,-6.774300544280015,1013.8728711975649,16:07:18
39.234484457479184,-6.774298723396108,1011.3886924385841,16:07:19
39.234500123604924,-6.7742969025122015,1012.4686439057256,16:07:20
39.23451578973066,-6.774295081628295,1012.063744344774,16:07:21
39.23453145585639,-6.774293260744388,1012.3718698300228,16:07:22
39.23454712198213,-6.774291439860481,1012.4653487050592,16:07:23
39.234562788107866,-6.774289618976574,1012.2813440136406,16:07:24
39.234578454233606,-6.774287798092667,1013.8257744912138,16:07:25
39.23459412035934,-6.77428597720876,1011.3639613890443,16:07:26
39.23459412035934,-6.77428597720876,1011.6595491695348,16:07:27
39.23461515035423,-6.774274749330132,1012.2970592902998,16:07:28
39.23463618034912,-6.774263521451504,1011.5521314509864,16:07:29
39.23465721034401,-6.774252293572876,1012.9167717285347,16:07:30
39.2346782403389,-6.774241065694247,1012.5730759243808,16:07:31
39.23469927033379,-6.77422983781562,1011.8472534947147,16:07:32
39.23472030032868,-6.774218609936992,1011.6713832645779,16:07:33
39.23474133032357,-6.774207382058363,1013.4969047349031,16:07:34
39.23476236031846,-6.7741961541797355,1012.6315089403366,16:07:35
39.23478339031335,-6.774184926301108,1013.7305074789813,16:07:36
39.234804420308244,-6.774173698422479,1011.8168497381758,16:07:37
39.234825450303134,-6.7741624705438515,1012.5772612678766,16:07:38
39.234846480298025,-6.774151242665223,1013.3699290035975,16:07:39
39.234867510292915,-6.774140014786595,1012.8308747093582,16:07:40
39.234888540287805,-6.774128786907967,1011.5731267524965,16:07:41
39.2349095702827,-6.774117559029339,1013.9660066471197,16:07:42
39.23493060027759,-6.774106331150711,1012.7258239402305,16:07:43
39.234951630272484,-6.774095103272083,1013.6568758129869,16:07:44
39.234972660267374,-6.774083875393455,1012.5497981381214,16:07:45
39.234993690262264,-6.774072647514827,1011.0095544668926,16:07:46
39.235014720257155,-6.774061419636198,1013.5541851949777,16:07:47
39.235035750252045,-6.774050191757571,1012.4980402431556,16:07:48
39.235056780246936,-6.774038963878943,1012.598948725748,16:07:49
39.235077810241826,-6.774027736000314,1011.5797617755705,16:07:50
39.23509884023672,-6.7740165081216865,1012.3469651905344,16:07:51
39.23511987023161,-6.774005280243059,1012.0315741800807,16:07:52
39.2351409002265,-6.77399405236443,1011.7369799336865,16:07:53
39.23516193022139,-6.7739828244858025,1013.002748114697,16:07:54
39.23518296021628,-6.773971596607174,1011.6836932603887,16:07:55
39.23520399021117,-6.773960368728546,1011.9879223689461,16:07:56
39.23520399021117,-6.773960368728546,1013.9048919515637,16:07:57
39.23522092113926,-6.77394040805543,1012.3268087031481,16:07:58
39.23523785206735,-6.773920447382313,1013.2010971019732,16:07:59
39.23525478299544,-6.773900486709197,1011.906132997567,16:08:00
39.23527171392353,-6.77388052603608,1011.3462343059168,16:08:01
39.235288644851614,-6.7738605653629635,1011.9322414877419,16:08:02
39.235305575779705,-6.7738406046898465,1012.3982964146695,16:08:03
39.235322506707796,-6.77382064401673,1013.9938781515498,16:08:04
39.235339437635886,-6.773800683343613,1013.1818148102851,16:08:05
39.23535636856398,-6.773780722670497,1012.2086118730131,16:08:06
39.23537329949207,-6.77376076199738,1013.8693435265901,16:08:07
39.23539023042016,-6.773740801324264,1011.0515739808177,16:08:08
39.23540716134825,-6.773720840651147,1013.5921803497946,16:08:09
39.23542409227634,-6.773700879978031,1013.3099709818388,16:08:10
39.23544102320443,-6.773680919304914,1011.089198588735,16:08:11
39.235457954132514,-6.7736609586317975,1012.7274099037254,16:08:12
39.235474885060604,-6.7736409979586805,1011.7923843544917,16:08:13
39.235491815988695,-6.773621037285564,1012.6474970712118,16:08:14
39.235508746916786,-6.773601076612447,1012.7749811198646,16:08:15
39.235525677844876,-6.773581115939331,1013.7523490674583,16:08:16
39.23554260877297,-6.773561155266214,1012.1447648377612,16:08:17
39.23555953970106,-6.773541194593098,1013.5433907066099,16:08:18
39.23557647062915,-6.773521233919981,1011.1327959712062,16:08:19
39.23559340155724,-6.773501273246865,1012.3098468274816,16:08:20
39.23561033248533,-6.773481312573748,1013.8497779925017,16:08:21
39.23562726341341,-6.7734613519006315,1012.8736305782897,16:08:22
39.2356441943415,-6.773441391227514,1011.5111517519142,16:08:23
39.235661125269594,-6.773421430554398,1013.9855827829937,16:08:24
39.235678056197685,-6.773401469881281,1013.878013386966,16:08:25
39.235694987125775,-6.773381509208165,1011.5680593819494,16:08:26
39.235694987125775,-6.773381509208165,1013.5196203516441,16:08:27
39.235711918053866,-6.773358518790022,1011.4102034063583,16:08:28
39.23572884898196,-6.773335528371879,1013.1636790792442,16:08:29
39.23574577991005,-6.773312537953736,1011.2462122624521,16:08:30
39.23576271083814,-6.773289547535592,1013.6286927194233,16:08:31
39.23577964176623,-6.773266557117449,1012.9013569192798,16:08:32
39.23579657269432,-6.773243566699306,1013.8163508137703,16:08:33
39.23581350362241,-6.773220576281163,1011.1332602921735,16:08:34
39.23583043455049,-6.773197585863019,1011.8046622898554,16:08:35
39.235847365478584,-6.773174595444876,1011.9556427566821,16:08:36
39.235864296406675,-6.773151605026733,1011.1198866518395,16:08:37
39.235881227334765,-6.77312861460859,1013.3723213155906,16:08:38
39.235898158262856,-6.773105624190446,1011.2778084826514,16:08:39
39.23591508919095,-6.773082633772304,1013.5701208489318,16:08:40
39.23593202011904,-6.77305964335416,1013.5383289382467,16:08:41
39.23594895104713,-6.773036652936017,1013.7869806185449,16:08:42
39.23596588197522,-6.773013662517873,1012.92115722449,16:08:43
39.23598281290331,-6.772990672099731,1011.6421541940344,16:08:44
39.2359997438314,-6.772967681681587,1011.9358428059786,16:08:45
39.23601667475949,-6.772944691263444,1013.440427962791,16:08:46
39.23603360568758,-6.772921700845301,1013.9463121045424,16:08:47
39.23605053661567,-6.772898710427158,1013.7599577424286,16:08:48
39.236067467543755,-6.772875720009014,1011.3841129951982,16:08:49
39.236084398471846,-6.772852729590871,1013.1805579919584,16:08:50
39.236101329399936,-6.772829739172728,1012.2957420689061,16:08:51
39.23611826032803,-6.772806748754585,1011.0732574897659,16:08:52
39.23613519125612,-6.772783758336441,1011.2167101154732,16:08:53
39.23615212218421,-6.772760767918298,1013.9089597843516,16:08:54
39.2361690531123,-6.772737777500155,1013.4959008428926,16:08:55
39.23618598404039,-6.772714787082012,1012.6786638730596,16:08:56
39.23618598404039,-6.772714787082012,1013.3079912177908,16:08:57
39.23620558827292,-6.772689301579729,1013.2648368638532,16:08:58
39.23622519250544,-6.772663816077446,1013.8243129969007,16:08:59
39.236244796737964,-6.772638330575163,1013.9805106404025,16:09:00
39.23626440097049,-6.772612845072881,1013.4683373974138,16:09:01
39.23628400520302,-6.772587359570598,1012.4071777403408,16:09:02
39.23630360943554,-6.772561874068315,1013.9262991111252,16:09:03
39.236323213668065,-6.772536388566032,1012.64075973827,16:09:04
39.23634281790059,-6.77251090306375,1013.0234236002152,16:09:05
39.23636242213312,-6.772485417561467,1012.0511195648326,16:09:06
39.23638202636564,-6.772459932059184,1012.2740322135139,16:09:07
39.236401630598166,-6.772434446556901,1012.4451252065791,16:09:08
39.23642123483069,-6.7724089610546185,1012.3093083063347,16:09:09
39.236440839063214,-6.772383475552336,1011.8258058975575,16:09:10
39.23646044329574,-6.772357990050053,1011.1936547589806,16:09:11
39.23648004752827,-6.77233250454777,1011.3900114740457,16:09:12
39.236499651760795,-6.7723070190454875,1013.2769763571424,16:09:13
39.236519255993315,-6.772281533543205,1012.4008729725961,16:09:14
39.23653886022584,-6.772256048040922,1012.8214142400915,16:09:15
39.23655846445837,-6.772230562538639,1011.3162609436904,16:09:16
39.23657806869089,-6.772205077036356,1013.6874928673805,16:09:17
39.236597672923416,-6.772179591534074,1011.0282139262512,16:09:18
39.23661727715594,-6.772154106031791,1011.2996949944259,16:09:19
39.23663688138847,-6.772128620529508,1013.7806792567234,16:09:20
39.23665648562099,-6.772103135027225,1013.8551774987191,16:09:21
39.23667608985352,-6.772077649524943,1012.3402142923969,16:09:22
39.236695694086045,-6.77205216402266,1011.0726701705172,16:09:23
39.23671529831857,-6.772026678520377,1013.888252164411,16:09:24
39.23673490255109,-6.772001193018094,1012.8479242116483,16:09:25
39.23675450678362,-6.771975707515812,1011.075035334316,16:09:26
39.23675450678362,-6.771975707515812,1013.9043862045961,16:09:27
39.23677215059289,-6.771952895317964,1011.4260714164883,16:09:28
39.23678979440216,-6.771930083120116,1013.9064098305907,16:09:29
39.236807438211436,-6.771907270922269,1013.8324330262943,16:09:30
39.23682508202071,-6.771884458724421,1011.0235227717615,16:09:31
39.23684272582998,-6.771861646526574,1013.64310527097,16:09:32
39.23686036963925,-6.771838834328727,1012.9108863129782,16:09:33
39.236878013448525,-6.771816022130879,1012.0645413307092,16:09:34
39.236895657257804,-6.771793209933032,1011.9814159784947,16:09:35
39.23691330106708,-6.7717703977351835,1011.8512535691066,16:09:36
39.23693094487635,-6.771747585537336,1011.0968038117893,16:09:37
39.23694858868562,-6.771724773339488,1011.2939451072333,16:09:38
39.23696623249489,-6.771701961141641,1011.5993159336127,16:09:39
39.236983876304166,-6.771679148943794,1012.483601144606,16:09:40
39.23700152011344,-6.771656336745946,1012.5246108991361,16:09:41
39.23701916392271,-6.771633524548099,1013.19809257716,16:09:42
39.23703680773198,-6.771610712350251,1012.6922181245459,16:09:43
39.237054451541255,-6.7715879001524035,1012.7330356264704,16:09:44
39.23707209535053,-6.771565087954556,1011.5529573796838,16:09:45
39.2370897391598,-6.771542275756708,1012.5979540335746,16:09:46
39.23710738296907,-6.771519463558861,1012.3650983633685,16:09:47
39.237125026778344,-6.771496651361013,1011.9562956771647,16:09:48
39.23714267058762,-6.771473839163166,1012.9831495779522,16:09:49
39.237160314396895,-6.771451026965318,1011.4782273586798,16:09:50
39.23717795820617,-6.771428214767471,1011.6548242358206,16:09:51
39.23719560201544,-6.7714054025696235,1011.7978025261446,16:09:52
39.23721324582471,-6.7713825903717755,1013.4619723604094,16:09:53
39.237230889633985,-6.771359778173928,1012.0911297591625,16:09:54
39.23724853344326,-6.77133696597608,1012.9893167300467,16:09:55
39.23726617725253,-6.771314153778233,1012.2766314750708,16:09:56
39.23726617725253,-6.771314153778233,1012.8663553879485,16:09:57
39.237276485184594,-6.771299935940902,1013.0578714936677,16:09:58
39.23728679311666,-6.77128571810357,1012.6808454474317,16:09:59
39.237297101048725,-6.771271500266239,1013.0892822332437,16:10:00
39.23730740898079,-6.771257282428907,1013.1799468139195,16:10:01
39.237317716912855,-6.771243064591577,1013.7959162799033,16:10:02
39.23732802484492,-6.771228846754245,1011.3469450888755,16:10:03
39.237338332776986,-6.771214628916914,1013.626958239229,16:10:04
39.23734864070906,-6.771200411079582,1013.791488451027,16:10:05
39.23735894864112,-6.771186193242251,1011.3132768365505,16:10:06
39.23736925657319,-6.771171975404919,1012.470762984906,16:10:07
39.237379564505254,-6.771157757567588,1013.2998421257777,16:10:08
39.23738987243732,-6.771143539730256,1011.1640926966386,16:10:09
39.237400180369384,-6.771129321892925,1012.1274159306272,16:10:10
39.23741048830145,-6.7711151040555935,1011.9820950570975,16:10:11
39.237420796233515,-6.771100886218263,1011.5535214480027,16:10:12
39.23743110416558,-6.771086668380931,1012.1047902377476,16:10:13
39.237441412097645,-6.7710724505436,1011.8356759457172,16:10:14
39.23745172002971,-6.7710582327062685,1013.9691461475852,16:10:15
39.237462027961776,-6.771044014868937,1012.7196597187367,16:10:16
39.23747233589384,-6.771029797031606,1012.1152001395455,16:10:17
39.237482643825906,-6.771015579194274,1011.6253853659257,16:10:18
39.23749295175798,-6.771001361356943,1013.819629946928,16:10:19
39.237503259690044,-6.770987143519611,1013.8182116436493,16:10:20
39.23751356762211,-6.77097292568228,1011.9780944965902,16:10:21
39.237523875554174,-6.770958707844949,1011.8436042188932,16:10:22
39.23753418348624,-6.770944490007618,1013.960037433429,16:10:23
39.237544491418305,-6.770930272170286,1013.0031773832901,16:10:24
39.23755479935037,-6.770916054332955,1012.122516302963,16:10:25
39.237565107282435,-6.770901836495623,1012.3284208430867,16:10:26
